{
    "name": "XO",
    "SCount": 9,
    "ANames": [
        "X",
        "O"
    ],
    "RBounds": [
        0.5,
        0.5
    ],
    "W": [
        [
            -0.6079646233912768,
            0.4782408063921579,
            -0.04533927194057397,
            0.12698858651633935,
            0.3499217908616597,
            0.43999434887518274,
            0.44672625170999675,
            0.31325099827728337,
            0.024673564817583666,
            -0.054865747900508244
        ],
        [
            0.1334414107526392,
            -0.08996013876572406,
            0.5755398471008666,
            -0.43939031401059503,
            -0.0670694490724846,
            -0.01174051032653988,
            -0.021526054386213703,
            0.13939891279807745,
            0.46509994326013315,
            0.19270736936266533
        ]
    ],
    "learnCount": [
        20028,
        15538
    ]
}